BEGIN;

-- Users
INSERT INTO "users" (user_id, first_name, last_name, email, password_hash, phone_number, created_at, role) VALUES
('00000000-0000-0000-0000-000000000001', 'Amina',  'Christos', 'amina.admin@example.com', 'hashed_pw_admin', '+15550000001', '2024-01-10 09:00:00', 'admin'),
('00000000-0000-0000-0000-000000000002', 'Lucas',  'Mendes',  'lucas.host@example.com',  'hashed_pw_host1',  '+15550000002', '2024-02-15 11:30:00', 'host'),
('00000000-0000-0000-0000-000000000003', 'Priya',  'Khan',    'priya.host@example.com',  'hashed_pw_host2',  '+15550000003', '2024-03-05 14:20:00', 'host'),
('00000000-0000-0000-0000-000000000004', 'Ethan',  'Park',    'ethan.guest@example.com', 'hashed_pw_guest1', '+15550000004', '2024-04-12 08:45:00', 'guest'),
('00000000-0000-0000-0000-000000000005', 'Maya',   'Lopez',   'maya.guest@example.com',  'hashed_pw_guest2', '+15550000005', '2024-05-20 17:10:00', 'guest'),
('00000000-0000-0000-0000-000000000006', 'Noah',   'Brown',   'noah.guest@example.com',  'hashed_pw_guest3', '+15550000006', '2024-06-01 12:00:00', 'guest');

-- Properties
INSERT INTO "properties" (property_id, host_id, "name", "description", location, pricepernight, created_at, updated_at) VALUES
('10000000-0000-0000-0000-000000000001', '00000000-0000-0000-0000-000000000002', 'Cozy Manhattan Apt',   'Sunny 1BR near subway, fast wifi, kitchen',              'New York, NY', 120.00, '2024-02-20 09:00:00', '2024-06-01 10:00:00'),
('10000000-0000-0000-0000-000000000002', '00000000-0000-0000-0000-000000000002', 'Santa Monica Beach House', '3BR house, ocean view, walking distance to pier', 'Santa Monica, CA', 250.00, '2024-03-10 12:00:00', '2024-07-01 12:00:00'),
('10000000-0000-0000-0000-000000000003', '00000000-0000-0000-0000-000000000003', 'Mountain Cabin Retreat', 'Secluded 2BR cabin, fireplace, hiking trails nearby',  'Aspen, CO', 180.00, '2024-04-01 08:00:00', '2024-08-01 08:00:00'),
('10000000-0000-0000-0000-000000000004', '00000000-0000-0000-0000-000000000003', 'Downtown Studio',       'Compact studio ideal for business travelers',           'Chicago, IL', 95.50, '2024-05-15 07:30:00', '2024-09-01 09:00:00'),
('10000000-0000-0000-0000-000000000005', '00000000-0000-0000-0000-000000000002', 'Countryside Cottage',   'Charming cottage with garden and BBQ',                  'Hudson Valley, NY', 150.00, '2024-06-20 10:00:00', '2024-10-01 10:00:00');

-- Bookings
INSERT INTO "bookings" (booking_id, property_id, user_id, start_date, end_date, total_price, status, created_at) VALUES
('20000000-0000-0000-0000-000000000001', '10000000-0000-0000-0000-000000000001', '00000000-0000-0000-0000-000000000004', '2025-11-01', '2025-11-05', 480.00, 'confirmed', '2025-07-01 09:00:00'),
('20000000-0000-0000-0000-000000000002', '10000000-0000-0000-0000-000000000002', '00000000-0000-0000-0000-000000000005', '2025-12-20', '2025-12-27', 1750.00, 'pending',   '2025-08-03 14:30:00'),
('20000000-0000-0000-0000-000000000003', '10000000-0000-0000-0000-000000000003', '00000000-0000-0000-0000-000000000006', '2025-07-10', '2025-07-13', 540.00, 'cancelled', '2025-05-22 11:15:00'),
('20000000-0000-0000-0000-000000000004', '10000000-0000-0000-0000-000000000004', '00000000-0000-0000-0000-000000000004', '2025-09-03', '2025-09-05', 191.00, 'confirmed', '2025-06-10 16:00:00'),
('20000000-0000-0000-0000-000000000005', '10000000-0000-0000-0000-000000000001', '00000000-0000-0000-0000-000000000005', '2025-10-15', '2025-10-17', 240.00, 'confirmed', '2025-08-21 09:45:00');

-- Payments
INSERT INTO "payments" (payment_id, booking_id, amount, payment_date, payment_method) VALUES
('30000000-0000-0000-0000-000000000001', '20000000-0000-0000-0000-000000000001', 480.00, '2025-07-02 10:00:00', 'credit_card'),
('30000000-0000-0000-0000-000000000002', '20000000-0000-0000-0000-000000000004', 191.00, '2025-06-11 09:30:00', 'paypal'),
('30000000-0000-0000-0000-000000000003', '20000000-0000-0000-0000-000000000005', 240.00, '2025-08-22 12:00:00', 'stripe');

-- Reviews
INSERT INTO "reviews" (review_id, property_id, user_id, rating, comment, created_at) VALUES
('40000000-0000-0000-0000-000000000001', '10000000-0000-0000-0000-000000000001', '00000000-0000-0000-0000-000000000004', 5, 'Great location and very clean. Host was responsive.', '2025-11-06 10:15:00'),
('40000000-0000-0000-0000-000000000002', '10000000-0000-0000-0000-000000000003', '00000000-0000-0000-0000-000000000006', 2, 'Cabin was rustic but utilities had intermittent issues.', '2025-07-15 13:00:00');

-- Messages
INSERT INTO "message" (message_id, sender_id, receiver_id, content, sent_at) VALUES
('50000000-0000-0000-0000-000000000001', '00000000-0000-0000-0000-000000000002', '00000000-0000-0000-0000-000000000004', 'Hi Ethan — welcome! Check-in is after 3PM. Let me know your ETA.', '2025-10-28 08:00:00'),
('50000000-0000-0000-0000-000000000002', '00000000-0000-0000-0000-000000000005', '00000000-0000-0000-0000-000000000002', 'Hi Lucas — is the beach house available for early check-in?', '2025-12-18 09:20:00'),
('50000000-0000-0000-0000-000000000003', '00000000-0000-0000-0000-000000000005', '00000000-0000-0000-0000-000000000003', 'Question about parking and pet policy.', '2025-12-18 09:25:00');

COMMIT;